type,id,name,quantity,source_group,price,material,notes,product_link,stl_link,step_link
purchase_group,P01,DAOKI CNC Shield V3.0 kit,,,$9.99,,"Includes Arduino-compatible Uno, CNC Shield V3, 4 DRV8825 drivers, heatsinks, jumper caps, and USB cable.",https://www.amazon.com/dp/B08KFYKKN4,,
purchase_group,P02,"STEPPERONLINE NEMA 17 stepper motor, 3-pack",,,$10.19,,Build uses 2 motors; this listing includes 3.,https://www.amazon.com/dp/B0B38GHRH8,,
purchase_group,P03,ANNIMOS 20kg metal gear servo,,,$14.99,,Pen lift servo.,https://www.amazon.com/dp/B0769DFJVK,,
purchase_group,P04,"GT2 belt, pulley, idler, tensioner, and clamp kit",,,$14.99 each,,"Buy 2. Each kit has 5m of 6mm GT2 belt, 20T pulleys, idlers, tensioner springs, clamp blocks, and wrench.",https://www.amazon.com/dp/B0D2XXF6H7,,
purchase_group,P05,"uxcell 625ZZ bearings, 25-pack",,,$7.89,,Build uses 24 bearings.,https://www.amazon.com/dp/B0CJFRSK7D,,
purchase_group,P06,"3030 aluminum extrusion, 39.4 inch, 10-pack",,,$46.99,,Cut into the frame and gantry pieces.,https://www.amazon.com/dp/B0C9WGJNR9,,
purchase_group,P07,3030 corner bracket + M6 T-nut connector kit,,,Check listing,,"Includes 3030 corner brackets, M6 T-nuts, M6 x 12 bolts, and wrench.",https://www.amazon.com/dp/B0B12FJRQ3,,
purchase_group,P08,M3 screw/nut/washer assortment,,,$9.99,,"Small toolhead, cart, servo, and motor hardware.",https://www.amazon.com/dp/B0FGV5FCBN,,
purchase_group,P09,M4 screw/nut/washer assortment,,,$9.99,,Belt clamp hardware.,https://www.amazon.com/dp/B0DD79T1CW,,
purchase_group,P10,M5 screw/nut/washer assortment,,,$9.99,,Roller and pulley stack hardware.,https://www.amazon.com/dp/B0CSY7FMQD,,
purchase_group,P11,M6 screw/nut/washer assortment,,,$9.99,,Optional/extra M6 hardware. The connector kit already includes the main M6 x 12 frame bolts.,https://www.amazon.com/dp/B0GHM7GBXF,,
purchase_group,P12,IRLZ44N logic-level N-channel MOSFET,,,Check listing,,Servo anti-twitch power switch.,https://www.amazon.com/IRLZ44N-IRLZ44NPBF-Mosfet-N-Channel-0-02Ohm/dp/B09SV14RX7,,
purchase_group,P13,Aluminum cutting blade and paraffin wax,,,Check listing,,Optional extrusion cutting helpers.,https://www.amazon.com/s?k=aluminum+cutting+blade+paraffin+wax,,
purchase_group,A01,Assumed project supplies,,,Already owned,,"Breadboard, 220 ohm resistor, 10k ohm resistor, bench power supply, external 5V source, pen/pencil, spring, zip tie, and jumper wires.",,,
itemized_part,,Arduino Uno-compatible board,1,P01,,,Included in the electronics kit.,,,
itemized_part,,CNC Shield V3,1,P01,,,Plugs into the Uno.,,,
itemized_part,,DRV8825 motor driver,2,P01,,,Kit includes 4; this build uses 2. Set current limit to about 0.45-0.5A.,,,
itemized_part,,Arduino USB cable,1,P01,,,Included in the electronics kit.,,,
itemized_part,,20kg servo,1,P03,,,Pen lift servo.,,,
itemized_part,,Servo horn,1,P03,,,Use the servo's included horn.,,,
itemized_part,,NEMA 17 stepper motor,2,P02,,,CoreXY motor A and motor B.,,,
itemized_part,,GT2 timing belt,2x 5m,P04,,,Buy 2 kits so each motor gets its own 5m belt.,,,
itemized_part,,"GT2 20T drive pulley, 6mm belt width",2,P04,,,Mounted to the two stepper shafts.,,,
itemized_part,,GT2 idler pulley,8,P04,,,Build uses 6 toothed-style idlers and 2 toothless/smooth-style idlers. Confirm the exact pulley style in the kit before ordering.,,,
itemized_part,,GT2 aluminum timing belt clamp,2,P04,,,Included with the GT2 kit. Mounted to the printed belt clamp mount.,,,
itemized_part,,625 bearing,24,P05,,,Used in rollers and bearing stacks.,,,
itemized_part,,"3030 aluminum extrusion, length pieces",2,P06,,,1m pieces before cutting.,,,
itemized_part,,"3030 aluminum extrusion, width pieces",2,P06,,,1m pieces before cutting.,,,
itemized_part,,"3030 aluminum extrusion, gantry piece",1,P06,,,Cut from extrusion stock. Use the gantry jig or cut off 58.2mm.,,,
itemized_part,,3030 T-nut,30,P07,,,Use one with each M6 x 12 frame bolt. Gantry extrusion mount ones are optional and not counted.,,,
itemized_part,,Extrusion bracket,4,P07,,,Metal brackets for frame corners.,,,
itemized_part,,M6 x 12 bolt,30,P07,,,Used wherever a T-nut is used.,,,
itemized_part,,M6 x 30 bolt,4,P11,,,Optional if additional gantry-to-cart T-nuts are not desired.,,,
itemized_part,,M6 washer,4,P11,,,"Optional, used with M6 x 30.",,,
itemized_part,,M5 x 45 bolt,8,P10,,,"Back corner brackets, bottom of toolhead cart, and Y-cart pulleys.",,,
itemized_part,,M5 x 50 bolt,10,P10,,,Y-cart rollers and upper rollers of the toolhead.,,,
itemized_part,,M5 nut,18,P10,,,On cart bottoms and roller stacks.,,,
itemized_part,,M5 washer,18,P10,,,Used with M5 roller hardware.,,,
itemized_part,,M4 x 12 bolt,2,P09,,,Secures belt clamp onto belt clamp mount.,,,
itemized_part,,M4 nut,2,P09,,,Behind belt clamp mount.,,,
itemized_part,,M4 washer,2,P09,,,Behind belt clamp.,,,
itemized_part,,M3 x 6 bolt,1,P08,,,Pencil block pencil clamp.,,,
itemized_part,,M3 x 10 bolt,10,P08,,,Stepper motors and belt clamp mount.,,,
itemized_part,,M3 x 16 bolt,9,P08,,,Servo/toolhead hardware; 8 rigidity screws are optional.,,,
itemized_part,,M3 x 25 bolt,4,P08,,,Y carts for securing upper mold. Optional.,,,
itemized_part,,M3 nut,4,P08,,,"Two embedded in belt mount, two on M3 x 16 servo mount.",,,
itemized_part,,M3 washer,18,P08,,,Small fastener washers.,,,
itemized_part,,Breadboard,1,A01,,,Easier interface for servo/MOSFET wiring.,,,
itemized_part,,Jumper wires,"about 40 M-F, about 3 M-M",A01,,,Servo power circuit and CNC shield to breadboard wiring. Mostly long male-to-female wires.,,,
itemized_part,,IRLZ44N logic-level N-channel MOSFET,1,P12,,,Switches servo ground/power to prevent boot twitch. Logic-level equivalent is okay.,,,
itemized_part,,220 ohm resistor,1,A01,,,Between D11/Z-limit signal and MOSFET gate.,,,
itemized_part,,10k ohm resistor,1,A01,,,Gate pulldown to ground.,,,
itemized_part,,External 5V power source,1,A01,,,Powers servo through breadboard rails.,,,
itemized_part,,12V bench power supply,1,A01,,,Powers the CNC shield/motors. Set current low at first during testing.,,,
itemized_part,,Pen or pencil,1,A01,,,"For pens, remove the ink cartridge and use the pen adapter.",,,
itemized_part,,Spring for pencil mount,1,A01,,,"OD less than 12mm, height around 30mm.",,,
itemized_part,,Zip tie,1,A01,,,4 inch zip tie for securing servo wire onto aligner.,,,
itemized_part,,Aluminum cutting blade,optional,P13,,,"Optional, cleaner extrusion cuts. Prefer negative-angle TCG for nonferrous aluminum.",,,
itemized_part,,Paraffin wax block,optional,P13,,,Optional cutting helper for extrusion.,,,
printed_part,,0.5 mm Spacer for Y Cart,2,,,PLA,,,exports/stl/0.5-mm-Spacer-for-Y-Cart.stl,exports/step/0.5-mm-Spacer-for-Y-Cart.step
printed_part,,1 mm Spacer for Y Cart,6,,,PLA,,,exports/stl/1-mm-Spacer-for-Y-Cart.stl,exports/step/1-mm-Spacer-for-Y-Cart.step
printed_part,,1.5 mm M+U Spacer for Corner Brackets,4,,,PLA,,,exports/stl/1.5-mm-M-U-Spacer-for-Corner-Brackets.stl,exports/step/1.5-mm-M+U-Spacer-for-Corner-Brackets.step
printed_part,,7.25 mm L Spacer for Corner Brackets,2,,,PLA,,,exports/stl/7.25-mm-L-Spacer-for-Corner-Brackets.stl,exports/step/7.25-mm-L-Spacer-for-Corner-Brackets.step
printed_part,,Back Corner Brackets,2,,,ABS,,,exports/stl/Back-Corner-Brackets.stl,exports/step/Back-Corner-Brackets.step
printed_part,,Bearing-to-Bearing Internal Roller Spacer,12,,,PLA,,,exports/stl/Bearing-to-Bearing-Internal-Roller-Spacer.stl,exports/step/Bearing-to-Bearing-Internal-Roller-Spacer.step
printed_part,,Belt Clamp Mount,1,,,ABS,,,exports/stl/Belt-Clamp-Mount.stl,exports/step/Belt-Clamp-Mount.step
printed_part,,Cart Cart Plate,2,,,ABS,,,exports/stl/Cart-Cart-Plate.stl,exports/step/Cart-Cart-Plate.step
printed_part,,Cart-to-Bearing Spacer,24,,,PLA,,,exports/stl/Cart-to-Bearing-Spacer.stl,exports/step/Cart-to-Bearing-Spacer.step
printed_part,,Gantry Extrusion Jig,1,,,PLA,,,exports/stl/Gantry-Extrusion-Jig.stl,exports/step/Gantry-Extrusion-Jig.step
printed_part,,Left Corner Bracket,1,,,ABS,,,exports/stl/Left-Corner-Bracket.stl,exports/step/Left-Corner-Bracket.step
printed_part,,Left Lower Cart Plate,1,,,ABS,,,exports/stl/Left-Lower-Cart-Plate.stl,exports/step/Left-Lower-Cart-Plate.step
printed_part,,Left Upper Cart Plate,1,,,ABS,,,exports/stl/Left-Upper-Cart-Plate.stl,exports/step/Left-Upper-Cart-Plate.step
printed_part,,Left Upper Cart Upper Mold,1,,,ABS,,,exports/stl/Left-Upper-Cart-Upper-Mold.stl,exports/step/Left-Upper-Cart-Upper-Mold.step
printed_part,,Modified Surface Roller,2,,,PLA,,,exports/stl/Modified-Surface-Roller.stl,exports/step/Modified-Surface-Roller.step
printed_part,,Pen Adapter,optional,,,PETG,,,exports/stl/Pen-Adapter.stl,exports/step/Pen-Adapter.step
printed_part,,Pencil Block,1,,,PLA,,,exports/stl/Pencil-Block.stl,exports/step/Pencil-Block.step
printed_part,,Pencil Housing,1,,,PLA,,,exports/stl/Pencil-Housing.stl,exports/step/Pencil-Housing.step
printed_part,,Pencil Housing Cap,1,,,PLA,,,exports/stl/Pencil-Housing-Cap.stl,exports/step/Pencil-Housing-Cap.step
printed_part,,Right Corner Bracket,1,,,ABS,,,exports/stl/Right-Corner-Bracket.stl,exports/step/Right-Corner-Bracket.step
printed_part,,Right Lower Cart Bottom,1,,,ABS,,,exports/stl/Right-lower-Cart-Bottom.stl,exports/step/Right-Lower-Cart-Bottom.step
printed_part,,Right Upper Cart Plate,1,,,ABS,,,exports/stl/Right-Upper-Cart-Plate.stl,exports/step/Right-Upper-Cart-Plate.step
printed_part,,Right Upper Cart Upper Mold,1,,,ABS,,,exports/stl/Right-Upper-Cart-Upper-Mold.stl,exports/step/Right-Upper-Cart-Upper-Mold.step
printed_part,,Servo Wire Aligner,1,,,PLA,,,exports/stl/Servo-Wire-Aligner.stl,exports/step/Servo-Wire-Aligner.step
printed_part,,Stepper to Drive Pulley Spacer,2,,,PLA,,,exports/stl/Stepper-to-Drive-Pulley-Spacer.stl,exports/step/Stepper-to-Drive-Pulley-Spacer.step
printed_part,,Surface Roller,10,,,ABS,,,exports/stl/Surface-Roller.stl,exports/step/Surface-Roller.step
printed_part,,Toolhead Cart Back,1,,,ABS,,,exports/stl/Toolhead-Cart-Back.stl,exports/step/Toolhead-Cart-Back.step
printed_part,,Toolhead Cart Connector,1,,,PETG,,,exports/stl/Toolhead-Cart-connector.stl,exports/step/Toolhead-Cart-Connector.step
printed_part,,Toolhead Front Cart,1,,,ABS,,,exports/stl/Toolhead-Front-Cart.stl,exports/step/Toolhead-Front-Cart.step
